ncalls,tottime,percall,cumtime,percall,filename:lineno(function)
1,0.000,0.000,0.000,0.000,{built-in method builtins.__build_class__}
400,0.000,0.000,0.000,0.000,{built-in method builtins.callable}
493,0.001,0.000,0.001,0.000,{built-in method builtins.getattr}
32685,0.027,0.000,0.027,0.000,{built-in method builtins.hasattr}
9738,0.008,0.000,0.008,0.000,{built-in method builtins.id}
7561,0.008,0.000,0.008,0.000,{built-in method builtins.isinstance}
248,0.000,0.000,0.000,0.000,{built-in method builtins.issubclass}
704,0.001,0.000,0.001,0.000,{built-in method builtins.iter}
8458/8456,0.008,0.000,0.008,0.000,{built-in method builtins.len}
1,0.000,0.000,0.000,0.000,{built-in method builtins.max}
330,0.002,0.000,0.046,0.000,{built-in method builtins.next}
7,0.000,0.000,0.000,0.000,{built-in method builtins.print}
68,0.000,0.000,0.000,0.000,{method 'keys' of 'collections.OrderedDict' objects}
904,0.001,0.000,0.001,0.000,{method 'values' of 'collections.OrderedDict' objects}
748,0.001,0.000,0.001,0.000,{method 'items' of 'collections.OrderedDict' objects}
1,0.000,0.000,0.000,0.000,{method 'copy' of 'collections.OrderedDict' objects}
1,0.000,0.000,0.000,0.000,{method 'write' of '_io.TextIOWrapper' objects}
16,0.000,0.000,0.000,0.000,{method 'flush' of '_io.TextIOWrapper' objects}
1,0.000,0.000,0.000,0.000,{method 'readline' of '_io.BufferedReader' objects}
1,0.000,0.000,0.000,0.000,{method 'seek' of '_io.BufferedReader' objects}
1400,0.002,0.000,0.002,0.000,{method 'write' of '_io.BytesIO' objects}
200,0.000,0.000,0.000,0.000,{method 'getbuffer' of '_io.BytesIO' objects}
1400,0.001,0.000,0.001,0.000,{method 'getvalue' of '_io.BytesIO' objects}
1,0.000,0.000,0.000,0.000,{built-in method io.open}
148,0.003,0.000,0.003,0.000,{method 'acquire' of '_thread.lock' objects}
114,0.001,0.000,0.001,0.000,{method 'release' of '_thread.lock' objects}
124,0.001,0.000,0.001,0.000,{method '__enter__' of '_thread.lock' objects}
124,0.000,0.000,0.000,0.000,{method '__exit__' of '_thread.lock' objects}
8,0.000,0.000,0.000,0.000,{method 'acquire' of '_thread.RLock' objects}
8,0.000,0.000,0.000,0.000,{method 'release' of '_thread.RLock' objects}
8,0.001,0.000,0.001,0.000,{built-in method _thread.start_new_thread}
26,0.000,0.000,0.000,0.000,{built-in method _thread.allocate_lock}
10,0.000,0.000,0.000,0.000,{built-in method _thread.get_ident}
7,0.000,0.000,0.000,0.000,{built-in method time.time}
308,0.000,0.000,0.000,0.000,{built-in method time.monotonic}
124,0.000,0.000,0.000,0.000,{method 'append' of 'collections.deque' objects}
8,0.000,0.000,0.000,0.000,{method 'clear' of 'collections.deque' objects}
106,0.000,0.000,0.000,0.000,{method 'remove' of 'collections.deque' objects}
40,0.000,0.000,0.000,0.000,{built-in method _weakref._remove_dead_weakref}
27,0.000,0.000,0.000,0.000,{built-in method _codecs.utf_8_decode}
2,0.000,0.000,0.000,0.000,{method 'match' of 're.Pattern' objects}
1,0.000,0.000,0.000,0.000,{built-in method posix.stat}
8,1.008,0.126,1.010,0.126,{built-in method posix.fork}
2,0.000,0.000,0.000,0.000,{built-in method posix.sched_getaffinity}
314,0.001,0.000,0.001,0.000,{built-in method posix.getpid}
20,0.000,0.000,0.000,0.000,{built-in method posix.waitpid}
444,0.003,0.000,0.003,0.000,{built-in method posix.close}
1400,0.020,0.000,0.020,0.000,{built-in method posix.read}
800,0.009,0.000,0.009,0.000,{built-in method posix.write}
400,0.002,0.000,0.002,0.000,{built-in method posix.fstat}
26,0.000,0.000,0.000,0.000,{built-in method posix.pipe}
8,0.000,0.000,0.000,0.000,{built-in method posix.WIFSIGNALED}
8,0.000,0.000,0.000,0.000,{built-in method posix.WIFEXITED}
8,0.000,0.000,0.000,0.000,{built-in method posix.WEXITSTATUS}
200,0.001,0.000,0.001,0.000,{built-in method posix.urandom}
2,0.000,0.000,0.000,0.000,{built-in method sys.settrace}
490,0.001,0.000,0.001,0.000,{method 'split' of 'str' objects}
48,0.000,0.000,0.000,0.000,{method 'join' of 'str' objects}
272,0.000,0.000,0.000,0.000,{method 'rpartition' of 'str' objects}
1,0.000,0.000,0.000,0.000,{method 'strip' of 'str' objects}
8697,0.009,0.000,0.009,0.000,{method 'startswith' of 'str' objects}
1,0.000,0.000,0.000,0.000,{method 'endswith' of 'str' objects}
68,0.001,0.000,0.001,0.000,{method 'format' of 'str' objects}
4,0.000,0.000,0.000,0.000,{method '__reduce_ex__' of 'object' objects}
159,0.000,0.000,0.000,0.000,{built-in method __new__ of type object at 0x5573296d6ac0}
158,0.000,0.000,0.000,0.000,{method 'add' of 'set' objects}
27,0.000,0.000,0.000,0.000,{method 'discard' of 'set' objects}
6448,0.006,0.000,0.006,0.000,{method 'get' of 'dict' objects}
244,0.000,0.000,0.000,0.000,{method 'setdefault' of 'dict' objects}
7,0.000,0.000,0.000,0.000,{method 'pop' of 'dict' objects}
275,0.000,0.000,0.000,0.000,{method 'items' of 'dict' objects}
202,0.002,0.000,0.002,0.000,{method 'update' of 'dict' objects}
108,0.000,0.000,0.000,0.000,{method 'clear' of 'dict' objects}
208,0.000,0.000,0.000,0.000,{method 'copy' of 'dict' objects}
320,0.000,0.000,0.000,0.000,{method 'bit_length' of 'int' objects}
12312,0.010,0.000,0.010,0.000,{method 'append' of 'list' objects}
3,0.000,0.000,0.000,0.000,{method '__format__' of 'float' objects}
1,0.001,0.001,0.002,0.002,{method 'readlines' of '_io._IOBase' objects}
1,0.000,0.000,0.000,0.000,{method 'decode' of 'bytes' objects}
400,0.000,0.000,0.000,0.000,{method 'ljust' of 'bytes' objects}
1,0.000,0.000,0.000,0.000,{method 'startswith' of 'bytes' objects}
800,0.001,0.000,0.001,0.000,{method 'translate' of 'bytes' objects}
2000,0.002,0.000,0.002,0.000,{built-in method torch._C._get_cudnn_enabled}
44256,0.039,0.000,0.039,0.000,{built-in method torch._C._has_torch_function_unary}
200,0.000,0.000,0.000,0.000,{built-in method torch._C._has_torch_function_variadic}
2,0.000,0.000,0.000,0.000,{built-in method torch._C._set_worker_pids}
2,0.000,0.000,0.000,0.000,{built-in method torch._C._remove_worker_pids}
5,0.000,0.000,0.000,0.000,{built-in method torch._C._error_if_any_worker_fails}
1054,0.001,0.000,0.001,0.000,{built-in method torch._C._set_grad_enabled}
1381,0.002,0.000,0.002,0.000,{built-in method torch._C.is_grad_enabled}
122,0.016,0.000,0.016,0.000,{method 'copy_' of 'torch._C._TensorBase' objects}
2003,0.004,0.000,0.004,0.000,{method 'dim' of 'torch._C._TensorBase' objects}
2,0.001,0.000,0.001,0.000,{method 'double' of 'torch._C._TensorBase' objects}
107,0.001,0.000,0.001,0.000,{method 'item' of 'torch._C._TensorBase' objects}
244,0.002,0.000,0.002,0.000,{method 'new' of 'torch._C._TensorBase' objects}
61,0.000,0.000,0.000,0.000,{method 'numel' of 'torch._C._TensorBase' objects}
6138,0.012,0.000,0.012,0.000,{method 'requires_grad_' of 'torch._C._TensorBase' objects}
444,0.006,0.000,0.006,0.000,{method 'set_' of 'torch._C._TensorBase' objects}
1664,0.006,0.000,0.006,0.000,{method 'size' of 'torch._C._TensorBase' objects}
244,0.000,0.000,0.000,0.000,{method 'storage' of 'torch._C._TensorBase' objects}
244,0.000,0.000,0.000,0.000,{method 'storage_offset' of 'torch._C._TensorBase' objects}
244,0.000,0.000,0.000,0.000,{method 'stride' of 'torch._C._TensorBase' objects}
200,0.002,0.000,0.002,0.000,{method 'to' of 'torch._C._TensorBase' objects}
2,0.000,0.000,0.000,0.000,{method 'tolist' of 'torch._C._TensorBase' objects}
7502,0.381,0.000,0.381,0.000,{method 'add_' of 'torch._C._TensorBase' objects}
306,0.002,0.000,0.002,0.000,{method 'detach' of 'torch._C._TensorBase' objects}
3720,0.197,0.000,0.197,0.000,{method 'mul_' of 'torch._C._TensorBase' objects}
4,0.000,0.000,0.000,0.000,{method 'random_' of 'torch._C._TensorBase' objects}
6138,0.274,0.000,0.274,0.000,{method 'zero_' of 'torch._C._TensorBase' objects}
7700,0.024,0.000,0.024,0.000,{built-in method torch._C._get_tracing_state}
204,0.078,0.000,0.078,0.000,{method 'copy_' of 'torch._C.FloatStorageBase' objects}
204,0.000,0.000,0.000,0.000,{method 'size' of 'torch._C.FloatStorageBase' objects}
100,0.011,0.000,0.011,0.000,{built-in method _new_shared_fd}
100,0.000,0.000,0.000,0.000,{method '_weak_ref' of 'torch._C.FloatStorageBase' objects}
124,0.001,0.000,0.001,0.000,{built-in method _free_weak_ref}
129,0.000,0.000,0.000,0.000,{built-in method _expired}
40,0.000,0.000,0.000,0.000,{method 'copy_' of 'torch._C.LongStorageBase' objects}
40,0.000,0.000,0.000,0.000,{method 'size' of 'torch._C.LongStorageBase' objects}
100,0.000,0.000,0.000,0.000,{method '_weak_ref' of 'torch._C.LongStorageBase' objects}
263,0.009,0.000,0.009,0.000,{built-in method torch._ops.profiler._record_function_enter}
263,0.006,0.000,0.006,0.000,{built-in method torch._ops.profiler._record_function_exit}
10,0.003,0.000,0.051,0.005,/opt/conda/lib/python3.8/multiprocessing/queues.py:36(__init__)
10,0.002,0.000,0.003,0.000,/opt/conda/lib/python3.8/multiprocessing/queues.py:67(_after_fork)
108,0.007,0.000,0.035,0.000,/opt/conda/lib/python3.8/multiprocessing/queues.py:80(put)
100,0.011,0.000,1.243,0.012,/opt/conda/lib/python3.8/multiprocessing/queues.py:92(get)
8,0.000,0.000,0.003,0.000,/opt/conda/lib/python3.8/multiprocessing/queues.py:134(close)
16,0.001,0.000,0.001,0.000,/opt/conda/lib/python3.8/multiprocessing/queues.py:150(cancel_join_thread)
8,0.002,0.000,0.013,0.002,/opt/conda/lib/python3.8/multiprocessing/queues.py:158(_start_thread)
8,0.000,0.000,0.001,0.000,/opt/conda/lib/python3.8/multiprocessing/queues.py:200(_finalize_close)
40,0.010,0.000,0.048,0.001,/opt/conda/lib/python3.8/multiprocessing/synchronize.py:50(__init__)
40,0.001,0.000,0.001,0.000,/opt/conda/lib/python3.8/multiprocessing/synchronize.py:90(_make_methods)
8,0.003,0.000,1.015,0.127,/opt/conda/lib/python3.8/multiprocessing/popen_fork.py:66(_launch)
10,0.000,0.000,0.000,0.000,/opt/conda/lib/python3.8/multiprocessing/synchronize.py:94(__enter__)
10,0.000,0.000,0.000,0.000,/opt/conda/lib/python3.8/multiprocessing/synchronize.py:97(__exit__)
40,0.002,0.000,0.031,0.001,/opt/conda/lib/python3.8/multiprocessing/synchronize.py:114(_make_name)
8,0.000,0.000,0.008,0.001,/opt/conda/lib/python3.8/multiprocessing/synchronize.py:125(__init__)
10,0.000,0.000,0.011,0.001,/opt/conda/lib/python3.8/multiprocessing/synchronize.py:144(__init__)
22,0.001,0.000,0.030,0.001,/opt/conda/lib/python3.8/multiprocessing/synchronize.py:161(__init__)
8,0.001,0.000,1.017,0.127,/opt/conda/lib/python3.8/multiprocessing/popen_fork.py:15(__init__)
2,0.000,0.000,0.007,0.003,/opt/conda/lib/python3.8/multiprocessing/synchronize.py:212(__init__)
10,0.000,0.000,0.000,0.000,/opt/conda/lib/python3.8/multiprocessing/synchronize.py:229(__enter__)
10,0.000,0.000,0.000,0.000,/opt/conda/lib/python3.8/multiprocessing/synchronize.py:232(__exit__)
2,0.000,0.000,0.000,0.000,/opt/conda/lib/python3.8/multiprocessing/synchronize.py:235(_make_methods)
2,0.000,0.000,0.000,0.000,/opt/conda/lib/python3.8/multiprocessing/synchronize.py:270(notify)
2,0.000,0.000,0.000,0.000,/opt/conda/lib/python3.8/multiprocessing/synchronize.py:296(notify_all)
8,0.001,0.000,0.126,0.016,/opt/conda/lib/python3.8/multiprocessing/popen_fork.py:40(wait)
2,0.000,0.000,0.012,0.006,/opt/conda/lib/python3.8/multiprocessing/synchronize.py:323(__init__)
8,0.000,0.000,0.001,0.000,/opt/conda/lib/python3.8/multiprocessing/synchronize.py:327(is_set)
2,0.000,0.000,0.001,0.000,/opt/conda/lib/python3.8/multiprocessing/synchronize.py:334(set)
28,0.001,0.000,0.001,0.000,/opt/conda/lib/python3.8/multiprocessing/popen_fork.py:24(poll)
2,0.000,0.000,0.000,0.000,/opt/conda/lib/python3.8/site-packages/torchvision/datasets/folder.py:240(__len__)
800,0.226,0.000,13.782,0.017,/opt/conda/lib/python3.8/site-packages/torchvision/models/resnet.py:67(forward)
100,0.031,0.000,16.123,0.161,/opt/conda/lib/python3.8/site-packages/torchvision/models/resnet.py:230(_forward_impl)
100,0.002,0.000,16.126,0.161,/opt/conda/lib/python3.8/site-packages/torchvision/models/resnet.py:248(forward)
1,0.000,0.000,0.000,0.000,/opt/conda/lib/python3.8/site-packages/pprofile/__init__.py:842(_enable)
1,0.000,0.000,0.000,0.000,/opt/conda/lib/python3.8/site-packages/pprofile/__init__.py:850(enable)
1,0.000,0.000,0.000,0.000,/opt/conda/lib/python3.8/site-packages/pprofile/__init__.py:860(_disable)
1,0.000,0.000,0.000,0.000,/opt/conda/lib/python3.8/site-packages/pprofile/__init__.py:869(disable)
1,0.000,0.000,0.000,0.000,/opt/conda/lib/python3.8/site-packages/pprofile/__init__.py:879(__enter__)
1,0.000,0.000,0.000,0.000,/opt/conda/lib/python3.8/site-packages/pprofile/__init__.py:886(__exit__)
1,0.000,0.000,0.000,0.000,/opt/conda/lib/python3.8/site-packages/pprofile/__init__.py:346(_initStack)
100,0.004,0.000,1.247,0.012,/opt/conda/lib/python3.8/site-packages/torch/utils/data/dataloader.py:977(_try_get_data)
100,0.005,0.000,1.252,0.013,/opt/conda/lib/python3.8/site-packages/torch/utils/data/dataloader.py:1123(_get_data)
102,0.010,0.000,1.440,0.014,/opt/conda/lib/python3.8/site-packages/torch/utils/data/dataloader.py:1156(_next_data)
116,0.009,0.000,0.061,0.001,/opt/conda/lib/python3.8/site-packages/torch/utils/data/dataloader.py:1205(_try_put_index)
100,0.004,0.000,0.042,0.000,/opt/conda/lib/python3.8/site-packages/torch/utils/data/dataloader.py:1225(_process_data)
8,0.000,0.000,0.003,0.000,/opt/conda/lib/python3.8/site-packages/torch/utils/data/dataloader.py:1232(_mark_worker_as_unavailable)
4,0.001,0.000,0.136,0.034,/opt/conda/lib/python3.8/site-packages/torch/utils/data/dataloader.py:1258(_shutdown_workers)
2,0.000,0.000,0.000,0.000,/opt/conda/lib/python3.8/site-packages/torch/utils/data/dataloader.py:1327(__del__)
5/4,0.000,0.000,0.000,0.000,/opt/conda/lib/python3.8/site-packages/torch/utils/data/_utils/signal_handling.py:63(handler)
2,0.000,0.000,0.000,0.000,/opt/conda/lib/python3.8/site-packages/torch/utils/data/_utils/signal_handling.py:47(_set_SIGCHLD_handler)
399,0.004,0.000,0.005,0.000,/opt/conda/lib/python3.8/site-packages/torch/utils/data/sampler.py:112(__iter__)
104,0.010,0.000,0.016,0.000,/opt/conda/lib/python3.8/site-packages/torch/utils/data/sampler.py:224(__iter__)
2,0.000,0.000,1.120,0.560,/opt/conda/lib/python3.8/site-packages/torch/utils/data/dataloader.py:300(_get_iterator)
2,0.000,0.000,0.000,0.000,/opt/conda/lib/python3.8/site-packages/torch/utils/data/dataloader.py:307(multiprocessing_context)
2,0.000,0.000,1.120,0.560,/opt/conda/lib/python3.8/site-packages/torch/utils/data/dataloader.py:346(__iter__)
4,0.000,0.000,0.000,0.000,/opt/conda/lib/python3.8/site-packages/torch/utils/data/dataloader.py:361(_auto_collation)
2,0.000,0.000,0.000,0.000,/opt/conda/lib/python3.8/site-packages/torch/utils/data/dataloader.py:365(_index_sampler)
2,0.000,0.000,0.000,0.000,/opt/conda/lib/python3.8/site-packages/torch/utils/data/dataloader.py:406(check_worker_number_rationality)
2,0.000,0.000,0.001,0.000,/opt/conda/lib/python3.8/site-packages/torch/utils/data/dataloader.py:485(__init__)
2,0.000,0.000,0.000,0.000,/opt/conda/lib/python3.8/site-packages/torch/utils/data/dataloader.py:506(_reset)
116,0.002,0.000,0.018,0.000,/opt/conda/lib/python3.8/site-packages/torch/utils/data/dataloader.py:511(_next_index)
102,0.009,0.000,1.466,0.014,/opt/conda/lib/python3.8/site-packages/torch/utils/data/dataloader.py:517(__next__)
10,0.000,0.000,0.001,0.000,/opt/conda/lib/python3.8/site-packages/torch/utils/data/dataloader.py:941(<genexpr>)
2,0.005,0.002,1.120,0.560,/opt/conda/lib/python3.8/site-packages/torch/utils/data/dataloader.py:877(__init__)
2,0.000,0.000,0.000,0.000,/opt/conda/lib/python3.8/site-packages/torch/utils/data/dataloader.py:962(<listcomp>)
2,0.001,0.000,0.023,0.012,/opt/conda/lib/python3.8/site-packages/torch/utils/data/dataloader.py:946(_reset)
200,0.004,0.000,0.005,0.000,/opt/conda/lib/python3.8/site-packages/torch/multiprocessing/reductions.py:26(__init__)
129,0.002,0.000,0.002,0.000,/opt/conda/lib/python3.8/site-packages/torch/multiprocessing/reductions.py:32(expired)
124,0.002,0.000,0.002,0.000,/opt/conda/lib/python3.8/site-packages/torch/multiprocessing/reductions.py:35(__del__)
200,0.004,0.000,0.004,0.000,/opt/conda/lib/python3.8/site-packages/torch/multiprocessing/reductions.py:55(get)
200,0.005,0.000,0.013,0.000,/opt/conda/lib/python3.8/site-packages/torch/multiprocessing/reductions.py:59(__setitem__)
1,0.003,0.003,0.007,0.007,/opt/conda/lib/python3.8/site-packages/torch/multiprocessing/reductions.py:65(free_dead_references)
200,0.009,0.000,0.023,0.000,/opt/conda/lib/python3.8/site-packages/torch/multiprocessing/reductions.py:88(rebuild_tensor)
400,0.008,0.000,0.010,0.000,/opt/conda/lib/python3.8/site-packages/torch/multiprocessing/reductions.py:273(fd_id)
200,0.005,0.000,0.009,0.000,/opt/conda/lib/python3.8/site-packages/torch/multiprocessing/reductions.py:281(storage_from_cache)
200,0.020,0.000,0.799,0.004,/opt/conda/lib/python3.8/site-packages/torch/multiprocessing/reductions.py:288(rebuild_storage_fd)
16,0.000,0.000,0.000,0.000,/opt/conda/lib/python3.8/multiprocessing/util.py:44(sub_debug)
98,0.001,0.000,0.001,0.000,/opt/conda/lib/python3.8/multiprocessing/util.py:48(debug)
50,0.001,0.000,0.006,0.000,/opt/conda/lib/python3.8/multiprocessing/util.py:171(register_after_fork)
16,0.002,0.000,0.003,0.000,/opt/conda/lib/python3.8/multiprocessing/util.py:186(__init__)
16,0.001,0.000,0.003,0.000,/opt/conda/lib/python3.8/multiprocessing/util.py:205(__call__)
8,0.000,0.000,0.000,0.000,/opt/conda/lib/python3.8/multiprocessing/util.py:433(_flush_std_streams)
8,0.000,0.000,0.001,0.000,/opt/conda/lib/python3.8/multiprocessing/util.py:461(close_fds)
200,0.009,0.000,0.692,0.003,/opt/conda/lib/python3.8/multiprocessing/resource_sharer.py:55(detach)
200,0.015,0.000,0.599,0.003,/opt/conda/lib/python3.8/multiprocessing/resource_sharer.py:82(get_connection)
200,0.003,0.000,0.003,0.000,/opt/conda/lib/python3.8/multiprocessing/connection.py:83(_validate_family)
400,0.010,0.000,0.011,0.000,/opt/conda/lib/python3.8/multiprocessing/connection.py:95(address_type)
220,0.008,0.000,0.008,0.000,/opt/conda/lib/python3.8/multiprocessing/connection.py:117(__init__)
215,0.003,0.000,0.003,0.000,/opt/conda/lib/python3.8/multiprocessing/connection.py:130(__del__)
1900,0.022,0.000,0.022,0.000,/opt/conda/lib/python3.8/multiprocessing/connection.py:134(_check_closed)
800,0.009,0.000,0.009,0.000,/opt/conda/lib/python3.8/multiprocessing/connection.py:138(_check_readable)
800,0.009,0.000,0.009,0.000,/opt/conda/lib/python3.8/multiprocessing/connection.py:142(_check_writable)
300,0.006,0.000,0.009,0.000,/opt/conda/lib/python3.8/multiprocessing/connection.py:168(fileno)
208,0.006,0.000,0.012,0.000,/opt/conda/lib/python3.8/multiprocessing/connection.py:173(close)
600,0.043,0.000,0.111,0.000,/opt/conda/lib/python3.8/multiprocessing/connection.py:181(send_bytes)
200,0.009,0.000,0.049,0.000,/opt/conda/lib/python3.8/multiprocessing/connection.py:202(send)
700,0.035,0.000,0.194,0.000,/opt/conda/lib/python3.8/multiprocessing/connection.py:208(recv_bytes)
100,0.004,0.000,0.369,0.004,/opt/conda/lib/python3.8/multiprocessing/connection.py:253(poll)
200,0.002,0.000,0.002,0.000,/opt/conda/lib/python3.8/multiprocessing/connection.py:259(__enter__)
200,0.004,0.000,0.015,0.000,/opt/conda/lib/python3.8/multiprocessing/connection.py:262(__exit__)
212,0.003,0.000,0.006,0.000,/opt/conda/lib/python3.8/multiprocessing/connection.py:360(_close)
800,0.027,0.000,0.037,0.000,/opt/conda/lib/python3.8/multiprocessing/connection.py:365(_send)
1400,0.087,0.000,0.110,0.000,/opt/conda/lib/python3.8/multiprocessing/connection.py:374(_recv)
800,0.032,0.000,0.071,0.000,/opt/conda/lib/python3.8/multiprocessing/connection.py:390(_send_bytes)
700,0.031,0.000,0.143,0.000,/opt/conda/lib/python3.8/multiprocessing/connection.py:413(_recv_bytes)
100,0.003,0.000,0.362,0.004,/opt/conda/lib/python3.8/multiprocessing/connection.py:423(_poll)
200,0.017,0.000,0.525,0.003,/opt/conda/lib/python3.8/multiprocessing/connection.py:493(Client)
10,0.001,0.000,0.002,0.000,/opt/conda/lib/python3.8/multiprocessing/connection.py:516(Pipe)
200,0.016,0.000,0.058,0.000,/opt/conda/lib/python3.8/multiprocessing/connection.py:623(SocketClient)
200,0.017,0.000,0.203,0.001,/opt/conda/lib/python3.8/multiprocessing/connection.py:732(deliver_challenge)
200,0.019,0.000,0.237,0.001,/opt/conda/lib/python3.8/multiprocessing/connection.py:747(answer_challenge)
108,0.002,0.000,0.002,0.000,/opt/conda/lib/python3.8/multiprocessing/connection.py:933(<listcomp>)
108,0.012,0.000,0.484,0.004,/opt/conda/lib/python3.8/multiprocessing/connection.py:917(wait)
61,0.225,0.004,0.808,0.013,/opt/conda/lib/python3.8/site-packages/torch/optim/_functional.py:146(sgd)
61,0.006,0.000,1.456,0.024,/opt/conda/lib/python3.8/site-packages/torch/optim/optimizer.py:83(wrapper)
100,0.325,0.003,1.257,0.013,/opt/conda/lib/python3.8/site-packages/torch/optim/optimizer.py:188(zero_grad)
61,0.277,0.005,1.422,0.023,/opt/conda/lib/python3.8/site-packages/torch/optim/sgd.py:76(step)
61,0.004,0.000,1.460,0.024,/opt/conda/lib/python3.8/site-packages/torch/optim/lr_scheduler.py:60(wrapper)
1,0.000,0.000,0.000,0.000,/opt/conda/lib/python3.8/site-packages/torch/optim/lr_scheduler.py:105(print_lr)
1,0.000,0.000,0.000,0.000,/opt/conda/lib/python3.8/site-packages/torch/optim/lr_scheduler.py:139(__init__)
1,0.000,0.000,0.000,0.000,/opt/conda/lib/python3.8/site-packages/torch/optim/lr_scheduler.py:142(__enter__)
1,0.000,0.000,0.000,0.000,/opt/conda/lib/python3.8/site-packages/torch/optim/lr_scheduler.py:146(__exit__)
1,0.000,0.000,0.000,0.000,/opt/conda/lib/python3.8/site-packages/torch/optim/lr_scheduler.py:137(_enable_get_lr_call)
1,0.000,0.000,0.000,0.000,/opt/conda/lib/python3.8/site-packages/torch/optim/lr_scheduler.py:166(<listcomp>)
1,0.000,0.000,0.001,0.001,/opt/conda/lib/python3.8/site-packages/torch/optim/lr_scheduler.py:117(step)
1,0.000,0.000,0.000,0.000,/opt/conda/lib/python3.8/site-packages/torch/optim/lr_scheduler.py:373(<listcomp>)
1,0.000,0.000,0.000,0.000,/opt/conda/lib/python3.8/site-packages/torch/optim/lr_scheduler.py:367(get_lr)
2000,0.027,0.000,0.030,0.000,/opt/conda/lib/python3.8/site-packages/torch/backends/__init__.py:31(__get__)
100,0.005,0.000,0.711,0.007,/opt/conda/lib/python3.8/site-packages/torch/nn/modules/pooling.py:161(forward)
20,0.001,0.000,0.062,0.003,/opt/conda/lib/python3.8/site-packages/torch/nn/modules/batchnorm.py:87(_load_from_state_dict)
2000,0.372,0.000,2.430,0.001,/opt/conda/lib/python3.8/site-packages/torch/nn/modules/batchnorm.py:133(forward)
2000,0.031,0.000,0.035,0.000,/opt/conda/lib/python3.8/site-packages/torch/nn/modules/batchnorm.py:405(_check_input_dim)
100,0.003,0.000,0.024,0.000,/opt/conda/lib/python3.8/site-packages/torch/nn/modules/pooling.py:1131(forward)
700,0.011,0.000,0.013,0.000,/opt/conda/lib/python3.8/site-packages/torch/nn/modules/container.py:129(__iter__)
700/400,0.045,0.000,13.867,0.035,/opt/conda/lib/python3.8/site-packages/torch/nn/modules/container.py:137(forward)
100,0.005,0.000,0.026,0.000,/opt/conda/lib/python3.8/site-packages/torch/nn/modules/loss.py:1119(forward)
100,0.002,0.000,0.002,0.000,/opt/conda/lib/python3.8/site-packages/torch/nn/modules/utils.py:34(<listcomp>)
100,0.005,0.000,0.007,0.000,/opt/conda/lib/python3.8/site-packages/torch/nn/modules/utils.py:29(_list_with_default)
2000,0.084,0.000,11.382,0.006,/opt/conda/lib/python3.8/site-packages/torch/nn/modules/conv.py:434(_conv_forward)
2000,0.071,0.000,11.561,0.006,/opt/conda/lib/python3.8/site-packages/torch/nn/modules/conv.py:442(forward)
1700,0.036,0.000,0.230,0.000,/opt/conda/lib/python3.8/site-packages/torch/nn/modules/activation.py:101(forward)
427,0.012,0.000,0.017,0.000,/opt/conda/lib/python3.8/site-packages/torch/autograd/grad_mode.py:119(__init__)
427,0.010,0.000,0.020,0.000,/opt/conda/lib/python3.8/site-packages/torch/autograd/grad_mode.py:124(__enter__)
427,0.008,0.000,0.018,0.000,/opt/conda/lib/python3.8/site-packages/torch/autograd/grad_mode.py:128(__exit__)
954,0.019,0.000,0.021,0.000,/opt/conda/lib/python3.8/site-packages/torch/autograd/grad_mode.py:213(__init__)
100,0.001,0.000,0.001,0.000,/opt/conda/lib/python3.8/site-packages/torch/autograd/grad_mode.py:217(__enter__)
100,0.002,0.000,0.002,0.000,/opt/conda/lib/python3.8/site-packages/torch/autograd/grad_mode.py:220(__exit__)
263,0.008,0.000,0.020,0.000,/opt/conda/lib/python3.8/site-packages/torch/autograd/profiler.py:605(__init__)
263,0.008,0.000,0.017,0.000,/opt/conda/lib/python3.8/site-packages/torch/autograd/profiler.py:613(__enter__)
263,0.007,0.000,0.014,0.000,/opt/conda/lib/python3.8/site-packages/torch/autograd/profiler.py:617(__exit__)
61,0.004,0.000,0.006,0.000,/opt/conda/lib/python3.8/site-packages/torch/autograd/__init__.py:28(_make_grads)
61,0.001,0.000,0.001,0.000,/opt/conda/lib/python3.8/site-packages/torch/autograd/__init__.py:60(_tensor_or_tensors_to_tuple)
61,0.010,0.000,31.318,0.513,/opt/conda/lib/python3.8/site-packages/torch/autograd/__init__.py:68(backward)
61,0.006,0.000,1.438,0.024,/opt/conda/lib/python3.8/site-packages/torch/autograd/grad_mode.py:25(decorate_context)
100,0.003,0.000,0.003,0.000,/opt/conda/lib/python3.8/site-packages/torch/nn/_reduction.py:7(get_enum)
671,0.008,0.000,0.008,0.000,/opt/conda/lib/python3.8/site-packages/torch/_jit_internal.py:881(is_scripting)
122,0.002,0.000,0.002,0.000,/opt/conda/lib/python3.8/site-packages/torch/nn/parameter.py:129(is_lazy)
108,0.002,0.000,0.002,0.000,<string>:1(__new__)
100,0.005,0.000,0.701,0.007,/opt/conda/lib/python3.8/site-packages/torch/nn/functional.py:696(_max_pool2d)
100,0.005,0.000,0.022,0.000,/opt/conda/lib/python3.8/site-packages/torch/nn/functional.py:1116(adaptive_avg_pool2d)
1700,0.062,0.000,0.195,0.000,/opt/conda/lib/python3.8/site-packages/torch/nn/functional.py:1287(relu)
100,0.003,0.000,0.012,0.000,/opt/conda/lib/python3.8/site-packages/torch/nn/functional.py:1831(linear)
1220,0.049,0.000,0.051,0.000,/opt/conda/lib/python3.8/site-packages/torch/nn/functional.py:2233(_verify_batch_size)
2000,0.118,0.000,1.512,0.001,/opt/conda/lib/python3.8/site-packages/torch/nn/functional.py:2250(batch_norm)
100,0.005,0.000,0.017,0.000,/opt/conda/lib/python3.8/site-packages/torch/nn/functional.py:2761(cross_entropy)
100,0.005,0.000,0.706,0.007,/opt/conda/lib/python3.8/site-packages/torch/_jit_internal.py:395(fn)
7700/200,0.473,0.000,16.166,0.081,/opt/conda/lib/python3.8/site-packages/torch/nn/modules/module.py:1045(_call_impl)
21920,0.864,0.000,0.864,0.000,/opt/conda/lib/python3.8/site-packages/torch/nn/modules/module.py:1117(__getattr__)
1356,0.111,0.000,0.120,0.000,/opt/conda/lib/python3.8/site-packages/torch/nn/modules/module.py:1133(__setattr__)
136,0.007,0.000,0.009,0.000,/opt/conda/lib/python3.8/site-packages/torch/nn/modules/module.py:1202(_save_to_state_dict)
100,0.004,0.000,0.021,0.000,/opt/conda/lib/python3.8/site-packages/torch/nn/modules/linear.py:95(forward)
136/2,0.010,0.000,0.018,0.009,/opt/conda/lib/python3.8/site-packages/torch/nn/modules/module.py:1236(state_dict)
68,0.001,0.000,0.001,0.000,/opt/conda/lib/python3.8/site-packages/torch/nn/modules/module.py:1312(<dictcomp>)
68,0.002,0.000,0.002,0.000,/opt/conda/lib/python3.8/site-packages/torch/nn/modules/module.py:1314(<dictcomp>)
68,0.127,0.002,0.172,0.003,/opt/conda/lib/python3.8/site-packages/torch/nn/modules/module.py:1276(_load_from_state_dict)
68/1,0.005,0.000,0.179,0.179,/opt/conda/lib/python3.8/site-packages/torch/nn/modules/module.py:1384(load)
1,0.000,0.000,0.179,0.179,/opt/conda/lib/python3.8/site-packages/torch/nn/modules/module.py:1354(load_state_dict)
270,0.005,0.000,0.011,0.000,/opt/conda/lib/python3.8/site-packages/torch/nn/modules/module.py:1521(children)
270,0.006,0.000,0.006,0.000,/opt/conda/lib/python3.8/site-packages/torch/nn/modules/module.py:1530(named_children)
136/2,0.008,0.000,0.028,0.014,/opt/conda/lib/python3.8/site-packages/torch/nn/modules/module.py:1622(train)
1,0.000,0.000,0.014,0.014,/opt/conda/lib/python3.8/site-packages/torch/nn/modules/module.py:1644(eval)
244,0.005,0.000,0.029,0.000,/opt/conda/lib/python3.8/site-packages/torch/cuda/__init__.py:218(__init__)
244,0.004,0.000,0.004,0.000,/opt/conda/lib/python3.8/site-packages/torch/cuda/__init__.py:222(__enter__)
244,0.004,0.000,0.004,0.000,/opt/conda/lib/python3.8/site-packages/torch/cuda/__init__.py:231(__exit__)
244,0.010,0.000,0.024,0.000,/opt/conda/lib/python3.8/site-packages/torch/cuda/_utils.py:7(_get_device_index)
244,0.003,0.000,0.003,0.000,/opt/conda/lib/python3.8/site-packages/torch/storage.py:13(__init__)
244,0.009,0.000,0.142,0.001,/opt/conda/lib/python3.8/site-packages/torch/storage.py:44(__deepcopy__)
244,0.016,0.000,0.134,0.001,/opt/conda/lib/python3.8/site-packages/torch/storage.py:60(clone)
244,0.032,0.000,0.216,0.001,/opt/conda/lib/python3.8/site-packages/torch/_tensor.py:51(__deepcopy__)
61,0.003,0.000,31.321,0.513,/opt/conda/lib/python3.8/site-packages/torch/_tensor.py:205(backward)
3,0.000,0.000,0.000,0.000,/opt/conda/lib/python3.8/site-packages/torch/_tensor.py:556(__format__)
7626,0.127,0.000,0.139,0.000,/opt/conda/lib/python3.8/site-packages/torch/_tensor.py:615(__hash__)
32422,0.765,0.000,0.819,0.000,/opt/conda/lib/python3.8/site-packages/torch/_tensor.py:967(grad)
200,0.005,0.000,0.005,0.000,{built-in method tensor}
2000,1.307,0.001,1.307,0.001,{built-in method batch_norm}
62,0.004,0.000,0.004,0.000,{built-in method clone}
2000,11.299,0.006,11.299,0.006,{built-in method conv2d}
4,0.000,0.000,0.000,0.000,{built-in method empty}
100,0.002,0.000,0.002,0.000,{built-in method flatten}
100,0.005,0.000,0.005,0.000,{built-in method max}
100,0.692,0.007,0.696,0.007,{built-in method max_pool2d}
61,0.001,0.000,0.001,0.000,{built-in method ones_like}
2,0.000,0.000,0.000,0.000,{built-in method randperm}
1700,0.130,0.000,0.130,0.000,{built-in method relu_}
100,0.003,0.000,0.003,0.000,{built-in method sum}
263,0.011,0.000,0.011,0.000,{built-in method zeros}
100,0.008,0.000,0.008,0.000,{built-in method torch._C._nn.adaptive_avg_pool2d}
100,0.009,0.000,0.009,0.000,{built-in method torch._C._nn.cross_entropy_loss}
100,0.008,0.000,0.008,0.000,{built-in method torch._C._nn.linear}
2,0.000,0.000,0.000,0.000,{method 'manual_seed' of 'torch._C.Generator' objects}
61,31.300,0.513,31.300,0.513,{method 'run_backward' of 'torch._C._EngineBase' objects}
200,0.007,0.000,0.014,0.000,/opt/conda/lib/python3.8/site-packages/torch/_utils.py:130(_rebuild_tensor)
244,0.009,0.000,0.010,0.000,/opt/conda/lib/python3.8/site-packages/torch/_utils.py:467(_get_device_index)
800,0.014,0.000,0.034,0.000,/opt/conda/lib/python3.8/hmac.py:56(<lambda>)
400,0.051,0.000,0.095,0.000,/opt/conda/lib/python3.8/hmac.py:33(__init__)
400,0.006,0.000,0.006,0.000,/opt/conda/lib/python3.8/hmac.py:94(update)
400,0.009,0.000,0.011,0.000,/opt/conda/lib/python3.8/hmac.py:111(_current)
400,0.009,0.000,0.021,0.000,/opt/conda/lib/python3.8/hmac.py:120(digest)
400,0.009,0.000,0.104,0.000,/opt/conda/lib/python3.8/hmac.py:136(new)
224,0.001,0.000,0.001,0.000,{method 'acquire' of '_multiprocessing.SemLock' objects}
210,0.000,0.000,0.000,0.000,{method 'release' of '_multiprocessing.SemLock' objects}
10,0.000,0.000,0.000,0.000,{method '__enter__' of '_multiprocessing.SemLock' objects}
10,0.000,0.000,0.000,0.000,{method '__exit__' of '_multiprocessing.SemLock' objects}
2,0.000,0.000,0.000,0.000,{method '_is_mine' of '_multiprocessing.SemLock' objects}
1600,0.002,0.000,0.002,0.000,{method 'update' of '_hashlib.HASH' objects}
800,0.001,0.000,0.001,0.000,{method 'digest' of '_hashlib.HASH' objects}
400,0.001,0.000,0.001,0.000,{method 'copy' of '_hashlib.HASH' objects}
800,0.003,0.000,0.003,0.000,{built-in method _hashlib.new}
800,0.017,0.000,0.020,0.000,/opt/conda/lib/python3.8/hashlib.py:146(__hash_new)
40,0.001,0.000,0.001,0.000,/opt/conda/lib/python3.8/tempfile.py:133(rng)
40,0.004,0.000,0.025,0.001,/opt/conda/lib/python3.8/tempfile.py:147(<listcomp>)
40,0.002,0.000,0.029,0.001,/opt/conda/lib/python3.8/tempfile.py:144(__next__)
528,0.000,0.000,0.000,0.000,{method 'getrandbits' of '_random.Random' objects}
1,0.000,0.000,0.000,0.000,{method 'disable' of '_lsprof.Profiler' objects}
320,0.011,0.000,0.012,0.000,/opt/conda/lib/python3.8/random.py:250(_randbelow_with_getrandbits)
320,0.009,0.000,0.021,0.000,/opt/conda/lib/python3.8/random.py:285(choice)
200,0.000,0.000,0.000,0.000,{method 'frombytes' of 'array.array' objects}
200,0.001,0.000,0.001,0.000,{method 'dump' of '_pickle.Pickler' objects}
100,0.011,0.000,0.834,0.008,{built-in method _pickle.loads}
1040/2,0.075,0.000,0.329,0.164,/opt/conda/lib/python3.8/copy.py:128(deepcopy)
654,0.007,0.000,0.007,0.000,/opt/conda/lib/python3.8/copy.py:182(_deepcopy_atomic)
138/2,0.006,0.000,0.056,0.028,/opt/conda/lib/python3.8/copy.py:226(_deepcopy_dict)
386,0.007,0.000,0.007,0.000,/opt/conda/lib/python3.8/copy.py:242(_keep_alive)
4/2,0.013,0.003,0.328,0.164,/opt/conda/lib/python3.8/copy.py:258(_reconstruct)
22,0.001,0.000,0.032,0.001,/opt/conda/lib/python3.8/multiprocessing/context.py:65(Lock)
2,0.000,0.000,0.007,0.004,/opt/conda/lib/python3.8/multiprocessing/context.py:75(Condition)
8,0.000,0.000,0.009,0.001,/opt/conda/lib/python3.8/multiprocessing/context.py:80(Semaphore)
10,0.001,0.000,0.012,0.001,/opt/conda/lib/python3.8/multiprocessing/context.py:85(BoundedSemaphore)
2,0.000,0.000,0.012,0.006,/opt/conda/lib/python3.8/multiprocessing/context.py:90(Event)
10,0.002,0.000,0.054,0.005,/opt/conda/lib/python3.8/multiprocessing/context.py:100(Queue)
42,0.001,0.000,0.001,0.000,/opt/conda/lib/python3.8/multiprocessing/context.py:187(get_context)
40,0.001,0.000,0.001,0.000,/opt/conda/lib/python3.8/multiprocessing/context.py:197(get_start_method)
8,0.001,0.000,1.018,0.127,/opt/conda/lib/python3.8/multiprocessing/context.py:222(_Popen)
20,0.000,0.000,0.000,0.000,/opt/conda/lib/python3.8/multiprocessing/context.py:233(get_context)
8,0.001,0.000,1.018,0.127,/opt/conda/lib/python3.8/multiprocessing/context.py:274(_Popen)
240,0.003,0.000,0.003,0.000,/opt/conda/lib/python3.8/multiprocessing/process.py:37(current_process)
8,0.000,0.000,0.001,0.000,/opt/conda/lib/python3.8/multiprocessing/process.py:61(_cleanup)
16,0.000,0.000,0.000,0.000,/opt/conda/lib/python3.8/multiprocessing/process.py:94(<genexpr>)
8,0.001,0.000,0.002,0.000,/opt/conda/lib/python3.8/multiprocessing/process.py:80(__init__)
32,0.000,0.000,0.000,0.000,/opt/conda/lib/python3.8/multiprocessing/process.py:99(_check_closed)
8,0.002,0.000,1.022,0.128,/opt/conda/lib/python3.8/multiprocessing/process.py:110(start)
8,0.000,0.000,0.127,0.016,/opt/conda/lib/python3.8/multiprocessing/process.py:142(join)
8,0.000,0.000,0.001,0.000,/opt/conda/lib/python3.8/multiprocessing/process.py:153(is_alive)
8,0.000,0.000,0.000,0.000,/opt/conda/lib/python3.8/multiprocessing/process.py:189(name)
8,0.000,0.000,0.000,0.000,/opt/conda/lib/python3.8/multiprocessing/process.py:205(daemon)
200,0.003,0.000,0.003,0.000,/opt/conda/lib/python3.8/multiprocessing/process.py:213(authkey)
8,0.000,0.000,0.000,0.000,/opt/conda/lib/python3.8/multiprocessing/process.py:234(ident)
200,0.007,0.000,0.018,0.000,/opt/conda/lib/python3.8/multiprocessing/reduction.py:48(dumps)
200,0.007,0.000,0.009,0.000,/opt/conda/lib/python3.8/multiprocessing/reduction.py:38(__init__)
200,0.020,0.000,0.025,0.000,/opt/conda/lib/python3.8/multiprocessing/reduction.py:153(recvfds)
200,0.010,0.000,0.067,0.000,/opt/conda/lib/python3.8/multiprocessing/reduction.py:186(recv_handle)
1,0.208,0.208,53.576,53.576,main.py:41(train_model)
800,0.001,0.000,0.001,0.000,{built-in method _struct.pack}
700,0.001,0.000,0.001,0.000,{built-in method _struct.unpack}
108,0.000,0.000,0.000,0.000,{built-in method math.ceil}
108,0.004,0.000,0.008,0.000,/opt/conda/lib/python3.8/selectors.py:21(_fileobj_to_fd)
108,0.002,0.000,0.002,0.000,/opt/conda/lib/python3.8/selectors.py:63(__init__)
108,0.001,0.000,0.001,0.000,/opt/conda/lib/python3.8/selectors.py:199(__enter__)
108,0.002,0.000,0.004,0.000,/opt/conda/lib/python3.8/selectors.py:202(__exit__)
108,0.003,0.000,0.004,0.000,/opt/conda/lib/python3.8/selectors.py:209(__init__)
108,0.003,0.000,0.011,0.000,/opt/conda/lib/python3.8/selectors.py:215(_fileobj_lookup)
108,0.006,0.000,0.018,0.000,/opt/conda/lib/python3.8/selectors.py:234(register)
108,0.002,0.000,0.002,0.000,/opt/conda/lib/python3.8/selectors.py:268(close)
108,0.002,0.000,0.002,0.000,/opt/conda/lib/python3.8/selectors.py:275(_key_from_fd)
108,0.003,0.000,0.008,0.000,/opt/conda/lib/python3.8/selectors.py:347(__init__)
108,0.006,0.000,0.025,0.000,/opt/conda/lib/python3.8/selectors.py:351(register)
108,0.011,0.000,0.432,0.004,/opt/conda/lib/python3.8/selectors.py:402(select)
18,0.002,0.000,0.002,0.000,/opt/conda/lib/python3.8/threading.py:222(__init__)
124,0.002,0.000,0.003,0.000,/opt/conda/lib/python3.8/threading.py:246(__enter__)
124,0.002,0.000,0.002,0.000,/opt/conda/lib/python3.8/threading.py:249(__exit__)
8,0.000,0.000,0.000,0.000,/opt/conda/lib/python3.8/threading.py:255(_release_save)
8,0.000,0.000,0.000,0.000,/opt/conda/lib/python3.8/threading.py:258(_acquire_restore)
124,0.002,0.000,0.003,0.000,/opt/conda/lib/python3.8/threading.py:261(_is_owned)
8,0.001,0.000,0.004,0.001,/opt/conda/lib/python3.8/threading.py:270(wait)
116,0.008,0.000,0.011,0.000,/opt/conda/lib/python3.8/threading.py:341(notify)
8,0.000,0.000,0.001,0.000,/opt/conda/lib/python3.8/threading.py:505(__init__)
16,0.000,0.000,0.000,0.000,/opt/conda/lib/python3.8/threading.py:513(is_set)
8,0.001,0.000,0.005,0.001,/opt/conda/lib/python3.8/threading.py:540(wait)
8,0.002,0.000,0.004,0.000,/opt/conda/lib/python3.8/threading.py:761(__init__)
8,0.001,0.000,0.007,0.001,/opt/conda/lib/python3.8/threading.py:834(start)
8,0.000,0.000,0.000,0.000,/opt/conda/lib/python3.8/threading.py:1095(daemon)
8,0.000,0.000,0.000,0.000,/opt/conda/lib/python3.8/threading.py:1110(daemon)
8,0.001,0.000,0.001,0.000,/opt/conda/lib/python3.8/threading.py:1177(_make_invoke_excepthook)
10,0.000,0.000,0.000,0.000,/opt/conda/lib/python3.8/threading.py:1306(current_thread)
200,0.003,0.000,0.003,0.000,/opt/conda/lib/python3.8/socket.py:492(_real_close)
200,0.005,0.000,0.008,0.000,/opt/conda/lib/python3.8/socket.py:496(close)
200,0.004,0.000,0.004,0.000,/opt/conda/lib/python3.8/socket.py:502(detach)
200,0.005,0.000,0.011,0.000,/opt/conda/lib/python3.8/socket.py:537(fromfd)
1,0.000,0.000,0.004,0.004,/opt/conda/lib/python3.8/linecache.py:15(getline)
1,0.000,0.000,0.004,0.004,/opt/conda/lib/python3.8/linecache.py:37(getlines)
1,0.000,0.000,0.004,0.004,/opt/conda/lib/python3.8/linecache.py:82(updatecache)
1,0.000,0.000,0.000,0.000,/opt/conda/lib/python3.8/tokenize.py:319(read_or_stop)
1,0.000,0.000,0.000,0.000,/opt/conda/lib/python3.8/tokenize.py:325(find_cookie)
1,0.000,0.000,0.000,0.000,/opt/conda/lib/python3.8/tokenize.py:295(detect_encoding)
1,0.000,0.000,0.001,0.001,/opt/conda/lib/python3.8/tokenize.py:388(open)
400,0.019,0.000,0.019,0.000,/opt/conda/lib/python3.8/socket.py:219(__init__)
400,0.004,0.000,0.004,0.000,/opt/conda/lib/python3.8/socket.py:235(__enter__)
400,0.007,0.000,0.015,0.000,/opt/conda/lib/python3.8/socket.py:238(__exit__)
8,0.000,0.000,0.000,0.000,/opt/conda/lib/python3.8/logging/__init__.py:214(_acquireLock)
8,0.002,0.000,0.002,0.000,/opt/conda/lib/python3.8/logging/__init__.py:223(_releaseLock)
40,0.001,0.000,0.001,0.000,/opt/conda/lib/python3.8/weakref.py:103(remove)
50,0.002,0.000,0.004,0.000,/opt/conda/lib/python3.8/weakref.py:159(__setitem__)
50,0.001,0.000,0.001,0.000,/opt/conda/lib/python3.8/weakref.py:323(__new__)
50,0.001,0.000,0.001,0.000,/opt/conda/lib/python3.8/weakref.py:328(__init__)
11,0.000,0.000,0.000,0.000,/opt/conda/lib/python3.8/_weakrefset.py:38(_remove)
16,0.000,0.000,0.000,0.000,/opt/conda/lib/python3.8/_weakrefset.py:81(add)
1,0.000,0.000,0.004,0.004,/opt/conda/lib/python3.8/warnings.py:117(_formatwarnmsg)
1,0.000,0.000,0.004,0.004,/opt/conda/lib/python3.8/warnings.py:96(_showwarnmsg)
1,0.000,0.000,0.000,0.000,/opt/conda/lib/python3.8/warnings.py:403(__init__)
1,0.000,0.000,0.004,0.004,/opt/conda/lib/python3.8/warnings.py:35(_formatwarnmsg_impl)
1,0.000,0.000,0.004,0.004,/opt/conda/lib/python3.8/warnings.py:20(_showwarnmsg_impl)
108,0.000,0.000,0.000,0.000,{method 'register' of 'select.poll' objects}
108,0.418,0.004,0.418,0.004,{method 'poll' of 'select.poll' objects}
108,0.000,0.000,0.000,0.000,{built-in method select.poll}
200,0.000,0.000,0.000,0.000,{function socket.close at 0x7f357cf860d0}
200,0.007,0.000,0.007,0.000,{method 'connect' of '_socket.socket' objects}
200,0.000,0.000,0.000,0.000,{function socket.detach at 0x7f357cf86160}
200,0.001,0.000,0.001,0.000,{method 'setblocking' of '_socket.socket' objects}
200,0.004,0.000,0.004,0.000,{method 'recvmsg' of '_socket.socket' objects}
200,0.001,0.000,0.001,0.000,{built-in method _socket.dup}
200,0.000,0.000,0.000,0.000,{built-in method _socket.CMSG_SPACE}
1,0.000,0.000,0.000,0.000,/opt/conda/lib/python3.8/codecs.py:260(__init__)
1,0.000,0.000,0.000,0.000,/opt/conda/lib/python3.8/codecs.py:309(__init__)
27,0.001,0.000,0.001,0.000,/opt/conda/lib/python3.8/codecs.py:319(decode)
272,0.006,0.000,0.006,0.000,<frozen importlib._bootstrap>:389(parent)


